{   
    "sjc_seconds": 411.8929924964905, 
    "dreamfusion-if_seconds": 1410.0939197540283,
    "prolificdreamer_seconds": 2203.535699367523,
    "dreamfusion-sd_seconds": 867.5539953708649,
    "fantasia3d_seconds": 796.1509439945221,
    "latentnerf_seconds": 426.12143635749817,
    "textmesh-if_seconds": 951.2670331001282
}